clay,sand,bd,h333,h15000
45.0,38.0,1.25,0.406,0.26
52.0,33.0,1.33,0.446,0.32
49.0,36.0,1.32,0.37799999999999995,0.28
48.0,27.0,1.4,0.369,0.35
49.0,31.0,1.25,0.371,0.23
58.0,29.0,1.23,0.401,0.29
51.0,30.0,1.23,0.424,0.29
53.0,33.0,1.24,0.415,0.31
49.0,28.0,1.12,0.431,0.24
59.0,22.0,1.09,0.436,0.31
26.0,61.0,1.47,0.214,0.15
32.0,48.0,1.61,0.26,0.21
14.0,78.0,1.69,0.155,0.09
22.0,71.0,1.73,0.22,0.18
32.0,49.0,1.36,0.209,0.14
45.0,40.0,1.5,0.276,0.19
28.0,55.0,1.41,0.252,0.14
48.0,25.0,1.27,0.395,0.31
29.0,52.0,1.28,0.209,0.14
44.0,43.0,1.62,0.29,0.24
30.0,53.0,1.62,0.252,0.17
39.0,48.0,1.45,0.34,0.26
25.0,61.0,1.48,0.204,0.13
35.0,52.0,1.42,0.21899999999999997,0.17
23.0,62.0,1.61,0.24600000000000002,0.15
50.0,41.0,1.48,0.29,0.22
26.0,60.0,1.37,0.261,0.13
47.0,42.0,1.52,0.262,0.19
16.0,69.0,1.38,0.231,0.09
36.0,55.0,1.6,0.23600000000000002,0.18
15.0,60.0,1.44,0.254,0.12
27.0,37.0,1.69,0.24,0.16
21.0,59.0,1.33,0.256,0.1
26.0,57.0,1.5,0.358,0.32
17.0,59.0,1.51,0.28300000000000003,0.12
42.0,43.0,1.59,0.35,0.29
17.0,70.0,1.4,0.20600000000000002,0.09
43.0,45.0,1.57,0.29600000000000004,0.21
22.0,59.0,1.56,0.273,0.12
48.0,41.0,1.57,0.282,0.19
16.0,70.0,1.58,0.24100000000000002,0.1
43.0,47.0,1.57,0.302,0.22
21.0,61.0,1.36,0.251,0.12
44.0,44.0,1.63,0.289,0.19
23.0,58.0,1.38,0.271,0.11
46.0,43.0,1.35,0.34600000000000003,0.24
14.0,61.0,1.67,0.237,0.07
21.0,54.0,1.64,0.336,0.23
31.0,20.0,1.34,0.307,0.11
35.0,19.0,1.45,0.326,0.2
15.0,61.0,1.69,0.24,0.08
21.0,57.0,1.52,0.29600000000000004,0.17
22.0,40.0,1.57,0.27899999999999997,0.08
32.0,40.0,1.58,0.295,0.19
13.0,52.0,1.58,0.275,0.06
17.0,50.0,1.68,0.31,0.22
15.0,72.0,1.55,0.254,0.15
33.0,53.0,1.46,0.294,0.18
13.0,78.0,1.63,0.139,0.04
11.0,84.0,1.55,0.305,0.21
20.0,67.0,1.56,0.24,0.13
22.0,52.0,1.34,0.264,0.14
17.0,78.0,1.61,0.268,0.2
31.0,62.0,1.48,0.325,0.23
18.0,69.0,1.52,0.252,0.16
17.0,54.0,1.31,0.28,0.23
15.0,79.0,1.65,0.217,0.1
23.0,55.0,1.5,0.29100000000000004,0.18
20.0,67.0,1.59,0.24,0.16
18.0,47.0,1.26,0.266,0.15
5.0,93.0,1.67,0.14,0.11
11.0,87.0,1.61,0.12300000000000001,0.09
15.0,59.0,1.5,0.285,0.1
39.0,38.0,1.21,0.483,0.35
16.0,73.0,1.61,0.21899999999999997,0.2
36.0,55.0,1.55,0.31,0.25
23.0,64.0,1.62,0.247,0.15
35.0,52.0,1.58,0.252,0.19
14.0,70.0,1.5,0.20600000000000002,0.06
28.0,60.0,1.43,0.204,0.08
28.0,55.0,1.56,0.242,0.14
42.0,45.0,1.56,0.289,0.21
7.0,81.0,1.64,0.17,0.06
7.0,82.0,1.51,0.355,0.26
8.0,79.0,1.53,0.222,0.06
7.0,79.0,1.42,0.33799999999999997,0.24
14.0,72.0,1.62,0.188,0.06
30.0,56.0,1.37,0.342,0.22
50.0,28.0,1.28,0.429,0.33
53.0,23.0,1.29,0.441,0.32
61.0,16.0,1.22,0.47100000000000003,0.3
63.0,15.0,1.26,0.47100000000000003,0.36
53.0,31.0,1.34,0.452,0.31
50.0,31.0,1.3,0.423,0.3
58.0,28.0,1.27,0.436,0.28
56.0,27.0,1.33,0.43,0.33
47.0,31.0,1.34,0.436,0.31
48.0,30.0,1.37,0.415,0.29
53.0,33.0,1.37,0.425,0.35
55.0,27.0,1.34,0.42,0.38
65.0,21.0,1.29,0.466,0.28
65.0,20.0,1.27,0.44299999999999995,0.29
50.0,31.0,1.35,0.423,0.23
56.0,27.0,1.34,0.439,0.27
60.0,24.0,1.29,0.466,0.27
62.0,22.0,1.29,0.45299999999999996,0.28
40.0,42.0,1.42,0.354,0.23
42.0,39.0,1.34,0.364,0.23
49.0,34.0,1.4,0.446,0.26
56.0,28.0,1.33,0.46399999999999997,0.26
62.0,22.0,1.14,0.513,0.28
64.0,20.0,1.17,0.5329999999999999,0.3
64.0,19.0,1.17,0.536,0.3
64.0,19.0,1.16,0.54,0.3
30.0,49.0,1.44,0.312,0.16
46.0,36.0,1.49,0.396,0.22
55.0,24.0,1.47,0.319,0.21
69.0,14.0,1.53,0.34,0.24
8.0,83.0,1.6,0.15,0.06
9.0,81.0,1.69,0.14,0.05
15.0,74.0,1.41,0.17,0.09
29.0,53.0,1.6,0.27,0.24
38.0,36.0,1.4,0.28,0.22
10.0,77.0,1.59,0.18,0.08
13.0,77.0,1.59,0.29,0.24
14.0,72.0,1.63,0.18,0.09
14.0,57.0,1.56,0.24,0.12
26.0,60.0,1.56,0.26,0.2
11.0,56.0,1.45,0.24,0.1
18.0,68.0,1.54,0.21,0.14
25.0,57.0,1.49,0.25,0.19
14.0,56.0,1.46,0.34,0.12
20.0,62.0,1.41,0.38,0.17
22.0,51.0,1.3,0.41,0.18
26.0,48.0,1.29,0.37,0.12
13.0,57.0,1.43,0.4,0.1
13.0,74.0,1.54,0.42,0.16
9.0,81.0,1.51,0.32,0.05
17.0,64.0,1.42,0.36,0.1
14.0,67.0,1.49,0.21,0.13
18.0,57.0,1.56,0.24,0.18
17.0,63.0,1.58,0.21,0.14
20.0,63.0,1.29,0.17,0.1
16.0,71.0,1.36,0.18,0.14
12.0,78.0,1.62,0.18,0.1
35.0,35.0,1.46,0.19,0.12
19.0,60.0,1.65,0.23,0.18
14.0,64.0,1.57,0.19,0.13
10.0,76.0,1.63,0.19,0.09
6.0,86.0,1.6,0.16,0.07
16.0,72.0,1.57,0.18,0.09
9.0,83.0,1.68,0.16,0.1
10.0,70.0,1.06,0.18,0.08
12.0,74.0,1.58,0.19,0.09
24.0,55.0,1.61,0.26,0.19
20.0,71.0,1.44,0.24,0.15
13.0,72.0,1.48,0.24,0.11
11.0,69.0,1.46,0.26,0.11
16.0,59.0,1.38,0.28,0.17
15.0,75.0,1.71,0.27,0.19
15.0,75.0,1.52,0.2,0.09
11.0,68.0,1.54,0.25,0.07
9.0,73.0,1.53,0.21,0.05
21.0,63.0,1.57,0.24,0.15
16.0,66.0,1.66,0.23,0.14
18.0,65.0,1.67,0.2,0.12
18.0,65.0,1.74,0.22,0.11
14.0,65.0,1.46,0.25,0.11
13.0,68.0,1.54,0.21,0.1
15.0,67.0,1.56,0.17,0.06
18.0,68.0,1.55,0.27,0.21
17.0,37.0,1.58,0.23,0.14
11.0,74.0,1.55,0.18,0.07
12.0,76.0,1.56,0.25,0.09
17.0,49.0,1.43,0.25,0.12
22.0,67.0,1.47,0.22,0.09
23.0,65.0,1.5,0.22,0.14
14.0,68.0,1.79,0.15,0.11
19.0,73.0,1.7,0.22,0.14
31.0,44.0,1.2,0.34,0.23
17.0,71.0,1.58,0.19,0.12
10.0,71.0,1.7,0.2,0.11
13.0,70.0,1.65,0.21,0.11
19.0,63.0,1.55,0.24,0.12
15.0,47.0,1.62,0.19,0.1
9.0,57.0,1.61,0.23,0.1
16.0,72.0,1.63,0.18,0.1
19.0,72.0,1.61,0.2,0.1
15.0,64.0,1.47,0.23,0.13
13.0,67.0,1.45,0.25,0.13
23.0,63.0,1.38,0.24,0.16
20.0,66.0,1.57,0.21,0.12
8.0,83.0,1.61,0.13,0.06
9.0,81.0,1.7,0.13,0.06
37.0,54.0,1.6,0.16,0.08
42.0,41.0,1.43,0.26,0.24
61.0,24.0,1.42,0.33,0.31
11.0,72.0,1.6,0.19,0.11
15.0,73.0,1.61,0.26,0.22
23.0,52.0,1.62,0.24,0.17
47.0,42.0,1.54,0.28,0.24
21.0,52.0,1.64,0.23,0.12
28.0,60.0,1.59,0.24,0.17
38.0,48.0,1.58,0.27,0.18
26.0,52.0,1.46,0.33,0.12
33.0,48.0,1.43,0.4,0.19
41.0,35.0,1.25,0.42,0.22
19.0,63.0,1.31,0.41,0.13
26.0,49.0,1.49,0.37,0.14
32.0,56.0,1.56,0.39,0.08
37.0,56.0,1.48,0.43,0.17
25.0,59.0,1.81,0.17,0.13
17.0,65.0,1.62,0.25,0.19
29.0,51.0,1.55,0.27,0.21
25.0,57.0,1.49,0.26,0.12
32.0,52.0,1.42,0.17,0.11
21.0,59.0,1.64,0.34,0.23
21.0,60.0,1.59,0.29,0.21
21.0,58.0,1.5,0.37,0.3
34.0,50.0,1.61,0.25,0.2
31.0,53.0,1.62,0.22,0.16
15.0,73.0,1.52,0.17,0.1
29.0,63.0,1.55,0.2,0.16
67.0,28.0,1.53,0.25,0.2
12.0,76.0,1.7,0.25,0.21
29.0,52.0,1.64,0.28,0.23
66.0,27.0,1.5,0.32,0.29
12.0,73.0,1.67,0.29,0.23
63.0,22.0,1.78,0.29,0.23
32.0,58.0,1.57,0.32,0.32
28.0,51.0,1.7,0.28,0.2
19.0,65.0,1.48,0.19,0.07
70.0,21.0,1.67,0.3,0.25
29.0,58.0,1.68,0.29,0.21
39.0,52.0,1.7,0.18,0.1
56.0,23.0,1.73,0.25,0.19
33.0,54.0,1.64,0.29,0.25
15.0,74.0,1.58,0.2,0.11
13.0,78.0,1.95,0.17,0.1
39.0,50.0,1.5,0.25,0.18
24.0,63.0,1.52,0.22,0.16
21.0,62.0,1.48,0.31,0.29
56.0,14.0,1.63,0.25,0.21
46.0,41.0,1.48,0.38,0.26
35.0,49.0,1.49,0.3,0.24
32.0,60.0,1.59,0.24,0.18
47.0,42.0,1.53,0.36,0.32
47.0,32.0,1.73,0.27,0.22
23.0,58.0,1.55,0.31,0.27
21.0,63.0,1.6,0.21,0.13
41.0,52.0,1.68,0.29,0.22
57.0,30.0,1.44,0.3,0.21
13.0,76.0,1.57,0.19,0.12
69.0,19.0,1.73,0.25,0.22
38.0,46.0,1.59,0.32,0.26
57.0,29.0,1.6,0.32,0.28
34.0,52.0,1.71,0.26,0.22
19.0,53.0,1.59,0.28,0.26
37.0,39.0,1.71,0.26,0.2
37.0,58.0,1.63,0.18,0.1
26.0,54.0,1.39,0.2,0.12
25.0,61.0,1.55,0.2,0.11
46.0,44.0,1.48,0.26,0.18
23.0,67.0,1.48,0.24,0.12
11.0,71.0,1.3869999999999998,0.251,0.105
10.0,75.0,1.217,0.207,0.079
10.0,74.0,1.349,0.23,0.083
10.0,74.0,1.262,0.265,0.10300000000000001
10.0,75.0,1.236,0.20800000000000002,0.07200000000000001
10.0,74.0,1.328,0.23,0.084
10.0,73.0,1.425,0.225,0.08900000000000001
9.0,74.0,1.4469999999999998,0.205,0.09
11.0,72.0,1.469,0.215,0.094
10.0,73.0,1.413,0.207,0.085
10.0,73.0,1.405,0.213,0.087
10.0,75.0,1.465,0.22,0.095
43.0,20.0,1.14,0.46299999999999997,0.28
40.0,22.0,1.112,0.431,0.256
40.0,22.0,1.08,0.345,0.254
42.0,21.0,1.146,0.441,0.28300000000000003
44.0,19.0,1.1179999999999999,0.365,0.245
41.0,21.0,1.044,0.33299999999999996,0.23199999999999998
41.0,24.0,1.2429999999999999,0.43,0.321
37.0,27.0,1.339,0.45399999999999996,0.34299999999999997
40.0,26.0,1.3559999999999999,0.457,0.371
41.0,23.0,1.159,0.43700000000000006,0.281
42.0,20.0,1.143,0.503,0.29
42.0,21.0,1.205,0.506,0.29600000000000004
42.0,19.0,1.2690000000000001,0.485,0.317
42.0,19.0,1.202,0.425,0.253
44.0,18.0,1.189,0.451,0.306
38.0,24.0,1.265,0.451,0.326
37.0,26.0,1.2229999999999999,0.419,0.313
40.0,22.0,1.24,0.44799999999999995,0.325
34.0,30.0,0.708,0.406,0.223
44.0,26.0,1.127,0.401,0.292
35.0,28.0,0.905,0.455,0.24600000000000002
40.0,29.0,1.064,0.442,0.212
38.0,28.0,0.8340000000000001,0.5720000000000001,0.29
43.0,25.0,1.093,0.42,0.28600000000000003
46.0,23.0,1.213,0.402,0.312
42.0,29.0,1.3230000000000002,0.43200000000000005,0.313
39.0,34.0,1.3630000000000002,0.42100000000000004,0.307
22.0,70.0,1.47,0.28300000000000003,0.127
22.0,70.0,1.3,0.201,0.105
16.0,77.0,1.2919999999999998,0.222,0.1
20.0,71.0,1.45,0.259,0.14400000000000002
19.0,72.0,1.508,0.23,0.13
20.0,74.0,1.3780000000000001,0.19699999999999998,0.102
24.0,66.0,1.45,0.264,0.16399999999999998
41.0,52.0,1.5290000000000001,0.265,0.149
20.0,70.0,1.4280000000000002,0.20199999999999999,0.107
19.0,72.0,1.574,0.251,0.14
20.0,73.0,1.63,0.23600000000000002,0.14400000000000002
17.0,74.0,1.672,0.268,0.12300000000000001
20.0,68.0,1.643,0.265,0.155
17.0,73.0,1.5430000000000001,0.21,0.139
15.0,77.0,1.588,0.209,0.102
20.0,69.0,1.452,0.23199999999999998,0.14800000000000002
15.0,76.0,1.51,0.17,0.091
10.0,86.0,1.4869999999999999,0.083,0.045
24.0,63.0,1.328,0.24,0.168
26.0,62.0,1.265,0.242,0.159
26.0,61.0,1.151,0.28800000000000003,0.131
24.0,62.0,1.355,0.327,0.174
26.0,62.0,1.202,0.281,0.149
27.0,60.0,1.179,0.309,0.153
25.0,63.0,1.52,0.289,0.19
26.0,61.0,1.6380000000000001,0.267,0.19699999999999998
30.0,56.0,1.443,0.307,0.201
24.0,63.0,1.598,0.33899999999999997,0.184
24.0,63.0,1.588,0.341,0.17800000000000002
27.0,60.0,1.473,0.36200000000000004,0.17
25.0,63.0,1.565,0.239,0.136
23.0,66.0,1.527,0.25,0.14
24.0,63.0,1.493,0.24,0.126
26.0,61.0,1.632,0.318,0.215
25.0,63.0,1.601,0.304,0.195
28.0,58.0,1.58,0.322,0.20600000000000002
12.0,69.0,1.4769999999999999,0.22699999999999998,0.065
13.0,68.0,1.475,0.22399999999999998,0.07400000000000001
13.0,72.0,1.446,0.231,0.067
11.0,71.0,1.4709999999999999,0.22399999999999998,0.078
15.0,69.0,1.473,0.24100000000000002,0.076
11.0,69.0,1.4140000000000001,0.237,0.078
16.0,71.0,1.671,0.226,0.114
24.0,66.0,1.485,0.275,0.155
22.0,65.0,1.8840000000000001,0.307,0.191
9.0,72.0,1.453,0.214,0.066
11.0,71.0,1.354,0.21,0.068
11.0,70.0,1.4509999999999998,0.22399999999999998,0.075
10.0,71.0,1.554,0.22,0.062
13.0,69.0,1.5419999999999998,0.237,0.08
12.0,68.0,1.541,0.22899999999999998,0.08
19.0,73.0,1.736,0.26899999999999996,0.131
27.0,64.0,1.784,0.311,0.215
28.0,64.0,1.716,0.33799999999999997,0.17800000000000002
6.0,81.0,1.51,0.16399999999999998,0.049
6.0,81.0,1.5130000000000001,0.165,0.05
6.0,81.0,1.4969999999999999,0.188,0.049
7.0,77.0,1.5090000000000001,0.177,0.057
7.0,80.0,1.484,0.179,0.055
6.0,82.0,1.4609999999999999,0.156,0.052000000000000005
10.0,74.0,1.5730000000000002,0.193,0.055999999999999994
7.0,75.0,1.518,0.18899999999999997,0.044000000000000004
10.0,71.0,1.5659999999999998,0.18899999999999997,0.071
7.0,80.0,1.4480000000000002,0.151,0.051
6.0,81.0,1.5019999999999998,0.161,0.05
6.0,82.0,1.45,0.14,0.038
8.0,77.0,1.5659999999999998,0.183,0.064
7.0,76.0,1.5830000000000002,0.168,0.073
8.0,77.0,1.632,0.198,0.069
14.0,70.0,1.662,0.21600000000000003,0.102
8.0,73.0,1.554,0.207,0.077
10.0,74.0,1.485,0.2,0.053
36.0,21.0,0.632,0.38,0.172
34.0,22.0,0.647,0.376,0.179
35.0,23.0,0.644,0.355,0.172
33.0,24.0,0.737,0.457,0.205
35.0,21.0,0.7090000000000001,0.379,0.201
33.0,24.0,0.765,0.44799999999999995,0.22699999999999998
46.0,16.0,0.907,0.47200000000000003,0.35100000000000003
40.0,31.0,1.264,0.457,0.33299999999999996
37.0,25.0,0.81,0.49200000000000005,0.32799999999999996
35.0,23.0,0.765,0.5,0.24100000000000002
34.0,23.0,0.815,0.45399999999999996,0.237
33.0,24.0,0.675,0.37200000000000005,0.20600000000000002
33.0,21.0,0.6579999999999999,0.395,0.21100000000000002
39.0,21.0,0.745,0.428,0.23399999999999999
41.0,25.0,0.725,0.474,0.21600000000000003
46.0,18.0,0.988,0.541,0.345
34.0,35.0,1.315,0.415,0.309
41.0,29.0,1.052,0.499,0.32899999999999996
39.0,21.0,0.7,0.563,0.247
38.0,20.0,0.627,0.425,0.198
38.0,17.0,0.807,0.526,0.243
38.0,18.0,0.6990000000000001,0.524,0.284
38.0,16.0,0.71,0.48100000000000004,0.226
37.0,17.0,0.84,0.5539999999999999,0.233
35.0,14.0,0.748,0.573,0.302
52.0,11.0,0.915,0.48700000000000004,0.33
47.0,17.0,1.0759999999999998,0.41,0.248
37.0,25.0,0.5720000000000001,0.43,0.223
37.0,18.0,0.698,0.518,0.242
38.0,17.0,0.705,0.512,0.23399999999999999
35.0,20.0,0.741,0.578,0.319
37.0,15.0,0.765,0.5760000000000001,0.324
48.0,11.0,0.8270000000000001,0.489,0.303
39.0,14.0,0.779,0.534,0.303
47.0,15.0,0.937,0.36,0.222
45.0,17.0,1.0090000000000001,0.375,0.231
19.0,62.0,1.202,0.264,0.10300000000000001
20.0,62.0,1.485,0.32,0.129
20.0,62.0,1.163,0.27899999999999997,0.102
19.0,61.0,1.3969999999999998,0.311,0.131
21.0,61.0,1.3719999999999999,0.284,0.132
20.0,59.0,1.3769999999999998,0.289,0.128
21.0,64.0,1.515,0.275,0.126
20.0,65.0,1.55,0.298,0.13699999999999998
20.0,65.0,1.237,0.248,0.115
20.0,61.0,1.475,0.327,0.138
19.0,61.0,1.425,0.308,0.131
20.0,61.0,1.4509999999999998,0.315,0.134
20.0,61.0,1.587,0.324,0.146
20.0,60.0,1.541,0.295,0.15
21.0,59.0,1.601,0.311,0.153
17.0,71.0,1.3880000000000001,0.261,0.111
17.0,71.0,1.4369999999999998,0.262,0.113
19.0,67.0,1.475,0.272,0.128
20.0,63.0,1.237,0.29600000000000004,0.11800000000000001
22.0,70.0,1.181,0.233,0.095
17.0,67.0,1.264,0.292,0.109
17.0,66.0,1.3230000000000002,0.36,0.132
17.0,70.0,1.4080000000000001,0.314,0.125
17.0,68.0,1.2429999999999999,0.29100000000000004,0.11699999999999999
19.0,68.0,1.64,0.353,0.168
20.0,66.0,1.5830000000000002,0.332,0.177
19.0,68.0,1.6230000000000002,0.33399999999999996,0.175
17.0,66.0,1.335,0.36,0.14400000000000002
14.0,71.0,1.391,0.297,0.131
15.0,71.0,1.324,0.33,0.125
17.0,66.0,1.4669999999999999,0.299,0.159
11.0,64.0,1.386,0.321,0.162
20.0,64.0,1.4809999999999999,0.32799999999999996,0.135
22.0,65.0,1.578,0.313,0.146
21.0,65.0,1.736,0.342,0.157
21.0,63.0,1.5630000000000002,0.303,0.14300000000000002
18.0,69.0,1.285,0.242,0.125
14.0,73.0,1.338,0.223,0.09699999999999999
12.0,77.0,1.402,0.19899999999999998,0.109
19.0,66.0,1.642,0.317,0.113
13.0,76.0,1.52,0.257,0.12
11.0,80.0,1.6569999999999998,0.261,0.11
27.0,62.0,1.5319999999999998,0.35200000000000004,0.23800000000000002
21.0,57.0,1.579,0.305,0.168
23.0,58.0,1.615,0.281,0.14300000000000002
17.0,66.0,1.298,0.255,0.113
18.0,65.0,1.173,0.22699999999999998,0.09699999999999999
16.0,65.0,1.3030000000000002,0.258,0.109
19.0,63.0,1.331,0.262,0.135
18.0,65.0,1.429,0.29600000000000004,0.129
17.0,66.0,1.4409999999999998,0.215,0.12300000000000001
40.0,30.0,1.374,0.377,0.237
26.0,43.0,1.415,0.336,0.191
24.0,49.0,1.5390000000000001,0.342,0.20199999999999999
8.0,78.0,1.3869999999999998,0.19399999999999998,0.055999999999999994
8.0,78.0,1.389,0.19,0.057999999999999996
8.0,80.0,1.483,0.19699999999999998,0.065
9.0,79.0,1.347,0.18100000000000002,0.055999999999999994
8.0,79.0,1.314,0.182,0.054000000000000006
9.0,80.0,1.367,0.185,0.055999999999999994
14.0,73.0,1.6869999999999998,0.212,0.09300000000000001
15.0,71.0,1.681,0.231,0.10300000000000001
14.0,74.0,1.656,0.209,0.10300000000000001
8.0,79.0,1.4369999999999998,0.2,0.061
8.0,79.0,1.4880000000000002,0.205,0.066
9.0,79.0,1.4169999999999998,0.188,0.057
12.0,75.0,1.548,0.21600000000000003,0.07200000000000001
9.0,79.0,1.588,0.221,0.083
11.0,75.0,1.58,0.213,0.08800000000000001
17.0,70.0,1.715,0.21899999999999997,0.092
16.0,71.0,1.665,0.215,0.10099999999999999
17.0,71.0,1.655,0.21899999999999997,0.087
6.0,77.0,1.4240000000000002,0.166,0.051
7.0,77.0,1.465,0.18100000000000002,0.054000000000000006
7.0,79.0,1.465,0.183,0.048
8.0,79.0,1.466,0.17,0.06
7.0,76.0,1.405,0.166,0.053
8.0,77.0,1.4809999999999999,0.172,0.052000000000000005
10.0,76.0,1.6269999999999998,0.226,0.095
12.0,73.0,1.656,0.22699999999999998,0.095
13.0,73.0,1.609,0.212,0.086
8.0,78.0,1.4169999999999998,0.18,0.054000000000000006
7.0,78.0,1.3769999999999998,0.157,0.047
8.0,78.0,1.436,0.17300000000000001,0.05
11.0,71.0,1.587,0.195,0.07
10.0,75.0,1.49,0.177,0.073
12.0,73.0,1.605,0.192,0.083
12.0,73.0,1.625,0.213,0.11800000000000001
13.0,74.0,1.635,0.209,0.11599999999999999
12.0,75.0,1.6640000000000001,0.221,0.11699999999999999
27.0,42.0,1.0859999999999999,0.40399999999999997,0.264
40.0,40.0,1.156,0.381,0.26
13.0,46.0,1.104,0.379,0.271
1.0,49.0,1.216,0.341,0.27
26.0,36.0,1.253,0.34299999999999997,0.27399999999999997
54.0,33.0,1.25,0.373,0.29
32.0,30.0,1.341,0.43,0.331
57.0,34.0,1.253,0.409,0.316
59.0,36.0,1.224,0.38799999999999996,0.307
30.0,45.0,1.325,0.365,0.262
27.0,43.0,1.2830000000000001,0.424,0.275
42.0,39.0,1.364,0.355,0.28800000000000003
51.0,34.0,1.255,0.423,0.28300000000000003
49.0,31.0,1.287,0.462,0.327
38.0,32.0,1.228,0.442,0.251
45.0,43.0,1.3,0.449,0.311
46.0,35.0,1.308,0.45899999999999996,0.307
27.0,37.0,1.314,0.42200000000000004,0.29100000000000004
9.0,42.0,1.234,0.385,0.23399999999999999
32.0,36.0,1.2429999999999999,0.43700000000000006,0.25
41.0,43.0,1.354,0.433,0.261
23.0,32.0,1.5619999999999998,0.382,0.253
34.0,42.0,1.548,0.414,0.281
33.0,45.0,1.5759999999999998,0.413,0.293
23.0,47.0,1.536,0.38299999999999995,0.237
35.0,42.0,1.485,0.354,0.281
42.0,40.0,1.39,0.41200000000000003,0.252
25.0,41.0,1.291,0.397,0.262
44.0,32.0,1.2890000000000001,0.41200000000000003,0.27
50.0,33.0,1.331,0.4,0.27
43.0,31.0,1.227,0.365,0.23800000000000002
27.0,42.0,1.219,0.36200000000000004,0.23199999999999998
31.0,35.0,1.16,0.335,0.215
28.0,36.0,1.213,0.41100000000000003,0.285
47.0,23.0,1.287,0.41700000000000004,0.293
47.0,29.0,1.148,0.38299999999999995,0.257
55.0,32.0,1.285,0.363,0.23399999999999999
37.0,40.0,1.317,0.32899999999999996,0.16
32.0,47.0,1.3,0.257,0.16399999999999998
27.0,58.0,1.256,0.355,0.257
41.0,34.0,1.3,0.37,0.259
42.0,34.0,1.195,0.335,0.248
41.0,34.0,1.2670000000000001,0.423,0.298
44.0,29.0,1.296,0.429,0.318
41.0,29.0,1.249,0.444,0.307
47.0,26.0,1.3880000000000001,0.358,0.261
41.0,36.0,1.296,0.355,0.264
36.0,44.0,1.28,0.32799999999999996,0.245
35.0,46.0,1.528,0.324,0.263
38.0,42.0,1.4969999999999999,0.34700000000000003,0.26
37.0,45.0,1.425,0.363,0.249
39.0,40.0,1.554,0.375,0.258
38.0,42.0,1.3980000000000001,0.359,0.23600000000000002
40.0,41.0,1.439,0.392,0.27399999999999997
37.0,37.0,1.151,0.397,0.289
42.0,28.0,1.145,0.41,0.306
44.0,23.0,1.204,0.424,0.318
46.0,23.0,1.287,0.409,0.318
50.0,18.0,1.32,0.42200000000000004,0.327
50.0,19.0,1.27,0.41200000000000003,0.305
51.0,18.0,1.185,0.389,0.305
50.0,17.0,1.2309999999999999,0.425,0.322
45.0,16.0,1.236,0.41200000000000003,0.32
49.0,20.0,1.2229999999999999,0.425,0.294
46.0,21.0,1.296,0.39299999999999996,0.287
48.0,18.0,1.219,0.369,0.28600000000000003
45.0,22.0,1.225,0.396,0.31
44.0,24.0,1.1179999999999999,0.364,0.27899999999999997
43.0,30.0,1.2309999999999999,0.39899999999999997,0.304
46.0,24.0,1.09,0.368,0.26899999999999996
15.0,7.0,1.2209999999999999,0.386,0.297
48.0,21.0,1.325,0.423,0.317
48.0,22.0,1.146,0.40299999999999997,0.273
45.0,28.0,1.273,0.405,0.294
39.0,25.0,1.263,0.39399999999999996,0.287
45.0,30.0,1.354,0.377,0.292
46.0,28.0,1.31,0.374,0.302
46.0,28.0,1.3119999999999998,0.389,0.29600000000000004
47.0,21.0,1.4909999999999999,0.44,0.35
43.0,31.0,1.287,0.389,0.27699999999999997
46.0,26.0,1.301,0.40299999999999997,0.318
4.0,93.0,1.462,0.098,0.034
4.0,94.0,1.569,0.129,0.034
7.0,89.0,1.673,0.113,0.049
5.0,91.0,1.651,0.10400000000000001,0.045
9.0,87.0,1.403,0.069,0.052000000000000005
9.0,87.0,1.528,0.125,0.051
15.0,82.0,1.511,0.13,0.071
13.0,83.0,1.599,0.145,0.078
16.0,81.0,1.5619999999999998,0.142,0.075
16.0,82.0,1.516,0.142,0.064
2.0,94.0,1.4369999999999998,0.09699999999999999,0.023
2.0,96.0,1.4869999999999999,0.098,0.02
3.0,92.0,1.629,0.099,0.028999999999999998
4.0,92.0,1.633,0.1,0.028999999999999998
4.0,92.0,1.567,0.07400000000000001,0.031
4.0,92.0,1.568,0.08800000000000001,0.028999999999999998
5.0,91.0,1.56,0.10400000000000001,0.03
4.0,91.0,1.578,0.096,0.036000000000000004
8.0,84.0,1.5759999999999998,0.073,0.055999999999999994
7.0,87.0,1.54,0.094,0.051
4.0,94.0,1.595,0.086,0.034
4.0,93.0,1.604,0.067,0.021
4.0,94.0,1.636,0.057999999999999996,0.025
3.0,94.0,1.636,0.049,0.021
3.0,94.0,1.6219999999999999,0.059000000000000004,0.02
4.0,94.0,1.589,0.044000000000000004,0.024
6.0,91.0,1.493,0.06,0.031
7.0,90.0,1.597,0.09699999999999999,0.026000000000000002
4.0,92.0,1.531,0.076,0.018000000000000002
6.0,92.0,1.587,0.092,0.027999999999999997
17.0,53.0,1.338,0.305,0.138
19.0,50.0,1.318,0.33799999999999997,0.136
19.0,49.0,1.423,0.33299999999999996,0.156
23.0,44.0,1.432,0.308,0.166
24.0,43.0,1.4869999999999999,0.309,0.175
25.0,43.0,1.504,0.317,0.174
24.0,52.0,1.58,0.289,0.185
23.0,48.0,1.6340000000000001,0.35100000000000003,0.20199999999999999
23.0,52.0,1.59,0.31,0.17600000000000002
9.0,79.0,1.328,0.16899999999999998,0.08800000000000001
8.0,81.0,1.431,0.163,0.094
12.0,73.0,1.443,0.21100000000000002,0.102
12.0,76.0,1.4180000000000001,0.268,0.107
13.0,74.0,1.4280000000000002,0.228,0.113
12.0,76.0,1.38,0.242,0.106
11.0,76.0,1.4080000000000001,0.215,0.077
11.0,76.0,1.3940000000000001,0.209,0.078
10.0,76.0,1.2890000000000001,0.19699999999999998,0.081
21.0,68.0,1.486,0.228,0.154
18.0,69.0,1.499,0.23,0.14
17.0,64.0,1.453,0.231,0.139
23.0,67.0,1.525,0.266,0.171
25.0,65.0,1.429,0.258,0.165
25.0,65.0,1.55,0.303,0.177
12.0,76.0,1.482,0.254,0.10800000000000001
13.0,76.0,1.483,0.223,0.11
11.0,77.0,1.442,0.244,0.102
13.0,72.0,1.541,0.228,0.11
13.0,72.0,1.521,0.217,0.106
12.0,73.0,1.4869999999999999,0.225,0.099
16.0,69.0,1.45,0.22,0.126
16.0,70.0,1.464,0.221,0.128
17.0,68.0,1.406,0.223,0.12300000000000001
16.0,69.0,1.371,0.23600000000000002,0.138
8.0,84.0,1.386,0.18600000000000003,0.113
19.0,67.0,1.3630000000000002,0.237,0.14
20.0,35.0,1.31,0.358,0.152
19.0,36.0,1.258,0.359,0.138
20.0,34.0,1.304,0.317,0.155
16.0,35.0,1.4880000000000002,0.28600000000000003,0.124
20.0,33.0,1.5290000000000001,0.332,0.11699999999999999
13.0,34.0,1.4809999999999999,0.3,0.124
50.0,20.0,1.5930000000000002,0.35700000000000004,0.3
51.0,17.0,1.5819999999999999,0.386,0.292
52.0,19.0,1.5219999999999998,0.391,0.29
25.0,63.0,1.715,0.309,0.22899999999999998
28.0,57.0,1.66,0.34600000000000003,0.239
25.0,64.0,1.685,0.298,0.201
16.0,78.0,1.328,0.251,0.127
16.0,74.0,1.251,0.247,0.135
15.0,75.0,1.2409999999999999,0.304,0.12300000000000001
32.0,49.0,1.6019999999999999,0.294,0.22
22.0,64.0,1.611,0.252,0.146
31.0,50.0,1.594,0.28,0.177
28.0,44.0,1.567,0.33899999999999997,0.18899999999999997
29.0,44.0,1.506,0.28300000000000003,0.212
29.0,46.0,1.597,0.28600000000000003,0.213
26.0,47.0,1.5390000000000001,0.298,0.196
26.0,48.0,1.5819999999999999,0.273,0.198
24.0,49.0,1.4,0.262,0.147
41.0,31.0,1.547,0.424,0.278
44.0,29.0,1.598,0.42700000000000005,0.298
40.0,32.0,1.59,0.389,0.292
18.0,62.0,1.4969999999999999,0.32899999999999996,0.141
18.0,63.0,1.507,0.27399999999999997,0.14400000000000002
19.0,61.0,1.546,0.324,0.141
23.0,52.0,1.5,0.303,0.152
23.0,53.0,1.567,0.223,0.153
36.0,44.0,1.5530000000000002,0.278,0.159
38.0,43.0,1.614,0.36,0.254
41.0,40.0,1.58,0.348,0.242
41.0,40.0,1.614,0.33399999999999996,0.254
27.0,58.0,1.7209999999999999,0.34299999999999997,0.223
31.0,55.0,1.723,0.358,0.22699999999999998
27.0,61.0,1.666,0.36200000000000004,0.26
37.0,44.0,1.651,0.364,0.243
35.0,44.0,1.5219999999999998,0.355,0.23199999999999998
39.0,39.0,1.531,0.335,0.23399999999999999
25.0,65.0,1.635,0.293,0.183
26.0,64.0,1.659,0.311,0.187
26.0,63.0,1.689,0.311,0.20600000000000002
7.0,77.0,1.4769999999999999,0.191,0.055999999999999994
7.0,78.0,1.484,0.245,0.053
9.0,71.0,1.3019999999999998,0.207,0.047
39.0,47.0,1.611,0.34700000000000003,0.205
41.0,47.0,1.6030000000000002,0.341,0.251
42.0,45.0,1.724,0.35200000000000004,0.276
36.0,41.0,1.5819999999999999,0.374,0.297
35.0,43.0,1.6059999999999999,0.37799999999999995,0.285
37.0,43.0,1.597,0.392,0.27699999999999997
20.0,70.0,1.51,0.297,0.182
19.0,69.0,1.298,0.32299999999999995,0.196
15.0,74.0,1.3980000000000001,0.309,0.20199999999999999
21.0,64.0,1.611,0.271,0.102
15.0,69.0,1.6030000000000002,0.253,0.163
19.0,67.0,1.526,0.233,0.125
27.0,62.0,1.6480000000000001,0.307,0.21
26.0,61.0,1.6440000000000001,0.281,0.19699999999999998
31.0,58.0,1.605,0.29600000000000004,0.235
27.0,60.0,1.65,0.318,0.231
34.0,49.0,1.6780000000000002,0.344,0.254
30.0,53.0,1.735,0.309,0.245
27.0,43.0,0.68,0.389,0.201
26.0,38.0,0.78,0.371,0.207
38.0,33.0,0.9,0.354,0.222
52.0,24.0,1.11,0.34700000000000003,0.264
56.0,23.0,1.12,0.36700000000000005,0.28
56.0,23.0,1.19,0.38299999999999995,0.31
32.0,48.0,1.5,0.313,0.185
45.0,38.0,1.56,0.35200000000000004,0.267
46.0,38.0,1.59,0.369,0.284
61.0,20.0,1.47,0.42,0.344
61.0,20.0,1.45,0.44299999999999995,0.349
64.0,24.0,1.54,0.434,0.36700000000000005
57.0,26.0,1.04,0.31,0.196
60.0,23.0,1.42,0.3,0.214
64.0,19.0,1.42,0.364,0.26
66.0,17.0,1.45,0.38799999999999996,0.282
66.0,18.0,1.5,0.40700000000000003,0.298
65.0,16.0,1.5,0.41600000000000004,0.32
67.0,14.0,1.54,0.40399999999999997,0.317
66.0,13.0,1.57,0.406,0.331
63.0,31.0,1.15,0.34700000000000003,0.222
51.0,32.0,1.37,0.377,0.292
50.0,33.0,1.52,0.37200000000000005,0.281
51.0,32.0,1.54,0.37,0.271
52.0,34.0,1.59,0.36700000000000005,0.29
6.0,90.0,1.26,0.121,0.046
6.0,88.0,1.34,0.096,0.032
3.0,91.0,1.44,0.085,0.026000000000000002
26.0,66.0,1.83,0.276,0.191
31.0,52.0,1.83,0.34299999999999997,0.21
26.0,52.0,1.22,0.205,0.08
21.0,55.0,1.46,0.24600000000000002,0.111
33.0,49.0,1.44,0.252,0.138
65.0,24.0,1.53,0.38799999999999996,0.307
51.0,35.0,1.54,0.386,0.305
41.0,39.0,1.25,0.376,0.271
51.0,31.0,1.38,0.415,0.32799999999999996
60.0,23.0,1.43,0.462,0.376
48.0,39.0,1.22,0.345,0.254
56.0,30.0,1.32,0.42,0.34600000000000003
60.0,26.0,1.37,0.429,0.35100000000000003
58.0,26.0,1.44,0.43,0.33399999999999996
2.0,92.0,1.35,0.122,0.051
2.0,92.0,1.49,0.159,0.044000000000000004
5.0,85.0,1.64,0.12,0.043
17.0,74.0,1.87,0.245,0.187
29.0,63.0,1.67,0.325,0.27399999999999997
9.0,79.0,1.08,0.361,0.106
9.0,85.0,1.45,0.239,0.084
63.0,26.0,1.38,0.37799999999999995,0.278
58.0,24.0,1.53,0.37799999999999995,0.313
40.0,26.0,1.23,0.345,0.245
43.0,22.0,1.35,0.37799999999999995,0.28800000000000003
47.0,24.0,1.37,0.431,0.364
41.0,32.0,1.44,0.41200000000000003,0.33399999999999996
40.0,26.0,0.74,0.33399999999999996,0.242
43.0,22.0,1.17,0.413,0.32
47.0,24.0,1.38,0.44299999999999995,0.341
44.0,39.0,1.25,0.385,0.27899999999999997
49.0,34.0,1.44,0.381,0.29600000000000004
54.0,32.0,1.49,0.359,0.295
57.0,30.0,1.51,0.364,0.301
43.0,22.0,1.01,0.386,0.264
46.0,18.0,1.29,0.36700000000000005,0.254
52.0,17.0,1.41,0.341,0.262
53.0,19.0,1.46,0.36200000000000004,0.298
63.0,10.0,1.55,0.39799999999999996,0.355
5.0,88.0,1.36,0.154,0.083
7.0,84.0,1.72,0.142,0.079
9.0,82.0,1.63,0.146,0.07400000000000001
22.0,68.0,1.65,0.249,0.196
42.0,50.0,1.52,0.366,0.315
48.0,41.0,1.56,0.389,0.331
46.0,42.0,1.62,0.408,0.33799999999999997
17.0,77.0,1.32,0.247,0.16
24.0,69.0,1.51,0.23600000000000002,0.17
31.0,64.0,1.4,0.217,0.153
31.0,64.0,1.56,0.222,0.17300000000000001
9.0,86.0,1.3,0.182,0.121
10.0,84.0,1.42,0.198,0.127
13.0,81.0,1.45,0.326,0.267
49.0,41.0,1.49,0.379,0.322
29.0,54.0,1.61,0.35100000000000003,0.263
29.0,54.0,1.81,0.311,0.184
54.0,39.0,1.3159999999999998,0.37799999999999995,0.262
54.0,32.0,1.327,0.46399999999999997,0.34299999999999997
49.0,33.0,1.453,0.36,0.23
53.0,31.0,1.4609999999999999,0.408,0.27899999999999997
59.0,25.0,1.39,0.467,0.319
59.0,24.0,1.249,0.552,0.342
26.0,57.0,1.295,0.321,0.221
61.0,23.0,1.321,0.462,0.358
58.0,22.0,1.235,0.474,0.35100000000000003
60.0,16.0,1.253,0.488,0.377
59.0,23.0,1.17,0.505,0.38299999999999995
76.0,12.0,0.9690000000000001,0.589,0.48100000000000004
24.4,44.1,1.54,0.251,0.141
48.4,26.7,1.61,0.295,0.205
53.6,22.0,1.57,0.33399999999999996,0.25
32.2,32.7,1.64,0.309,0.21
29.0,44.0,1.17,0.345,
36.0,40.0,1.21,0.34600000000000003,
38.0,39.0,1.27,0.312,
38.0,39.0,1.38,0.297,
11.0,79.5,1.62,0.12300000000000001,0.055999999999999994
26.0,62.7,1.72,0.215,0.11699999999999999
20.6,70.6,1.73,0.136,0.076
33.5,60.7,1.82,0.207,0.151
27.0,59.0,1.453,0.282,0.263
48.0,40.0,1.47,0.41600000000000004,0.275
36.0,30.0,1.439,0.419,0.268
31.0,48.0,1.44,0.35200000000000004,0.221
30.0,42.0,1.53,0.33,0.205
45.0,32.0,1.61,0.33399999999999996,0.289
72.0,12.0,1.47,0.42,0.385
71.0,11.0,1.54,0.39899999999999997,0.366
4.2,91.8,1.62,0.094,0.062
4.2,91.9,1.62,0.064,0.040999999999999995
27.8,66.9,1.8,0.218,0.184
4.7,93.6,1.54,0.065,0.046
4.0,94.8,1.71,0.049,0.039
4.8,93.6,1.71,0.049,0.038
6.7,92.7,1.74,0.055,0.044000000000000004
7.4,91.5,1.68,0.066,0.052000000000000005
6.1,92.5,1.57,0.07400000000000001,0.053
11.8,86.7,1.68,0.08800000000000001,0.069
14.9,83.8,1.65,0.09699999999999999,0.07
15.0,82.8,1.68,0.10300000000000001,0.068
11.7,76.0,1.51,0.171,0.08900000000000001
11.8,77.3,1.77,0.153,0.087
36.0,55.4,1.68,0.175,0.079
21.2,67.5,1.53,0.262,0.15
35.0,53.8,1.39,0.305,0.207
24.2,60.7,1.46,0.316,0.184
21.7,66.0,1.61,0.282,0.177
23.7,60.5,1.5,0.318,0.195
26.6,60.7,1.56,0.294,0.15
13.9,81.6,1.53,0.195,0.057999999999999996
13.3,83.6,1.53,0.184,0.067
38.8,50.9,1.42,0.315,0.249
43.2,45.3,1.41,0.33,0.261
39.9,51.3,1.47,0.326,0.282
47.7,44.5,1.49,0.341,0.28
39.2,51.1,1.51,0.34600000000000003,0.22699999999999998
48.1,39.5,1.32,0.366,0.255
47.1,43.9,1.48,0.354,0.26
49.1,42.8,1.56,0.34600000000000003,0.287
50.2,43.4,1.62,0.33899999999999997,0.297
48.4,45.2,1.62,0.327,0.278
49.9,37.1,1.44,0.337,0.235
47.2,36.1,1.49,0.349,0.24
44.4,41.0,1.47,0.35600000000000004,0.27699999999999997
45.8,42.4,1.56,0.337,0.244
32.0,55.1,1.58,0.319,0.226
47.0,36.6,1.59,0.327,0.204
18.0,73.0,1.6,0.226,0.094
55.8,33.0,1.41,0.348,0.28300000000000003
51.7,34.7,1.46,0.381,0.28300000000000003
42.7,41.2,1.54,0.322,0.262
37.1,43.4,1.57,0.303,0.222
37.4,42.9,1.55,0.282,0.21100000000000002
14.0,59.0,1.51,0.247,0.10099999999999999
17.0,58.0,1.59,0.242,0.124
19.0,59.0,1.7,0.266,0.154
12.0,56.0,1.59,0.225,0.075
34.0,47.0,1.64,0.278,0.198
32.0,52.0,1.54,0.377,0.252
10.0,58.0,1.43,0.24,0.084
14.0,54.0,1.54,0.182,0.102
34.0,47.0,1.3,0.457,0.175
32.0,52.0,1.4,0.43700000000000006,0.273
29.0,43.0,1.09,0.325,0.21100000000000002
38.0,39.0,1.22,0.314,0.175
38.0,39.0,1.38,0.289,0.184
29.0,43.0,1.09,0.385,0.168
38.0,39.0,1.27,0.355,0.171
38.0,39.0,1.35,0.33899999999999997,0.177
10.0,73.0,1.48,0.129,0.040999999999999995
18.0,61.0,1.64,0.17600000000000002,0.099
17.0,68.0,1.62,0.223,0.172
21.0,56.0,1.57,0.284,
28.0,52.0,1.58,0.253,
28.0,51.0,1.58,0.285,
9.0,74.0,1.61,0.22899999999999998,0.06
7.0,81.0,1.58,0.17,0.05
10.0,77.0,1.71,0.16,0.06
60.0,33.0,1.61,0.37,0.3
6.0,81.0,1.37,0.19899999999999998,0.05
6.0,82.0,1.74,0.18899999999999997,0.05
17.0,70.0,1.8,0.18899999999999997,0.05
9.0,82.0,1.58,0.18899999999999997,0.06
15.0,78.0,1.8,0.23,0.1
14.0,81.0,1.66,0.16899999999999998,0.07
41.0,27.0,1.2,0.36,0.22
46.0,27.0,1.37,0.44,0.28
26.0,49.0,1.51,0.31,0.17
31.0,44.0,1.52,0.34,0.21
25.0,48.0,1.6,0.34,0.18
23.0,62.0,1.315,0.16,0.1
23.0,62.0,1.55,0.21,0.13
23.0,64.0,1.545,0.19,0.12
23.0,63.0,1.735,0.22,0.14
33.0,53.0,1.725,0.24,0.18
42.0,47.0,1.69,0.3,0.23
48.0,41.0,1.65,0.29,0.21
21.0,66.0,1.385,0.17,0.1
22.0,65.0,1.51,0.18,0.11
21.0,65.0,1.59,0.19,0.12
22.0,64.0,1.62,0.19,0.12
31.0,57.0,1.775,0.23,0.16
39.0,55.0,1.73,0.27,0.2
40.0,50.0,1.635,0.27,0.2
8.0,73.0,1.87,0.17,0.06
12.0,69.0,1.83,0.17,0.07
33.0,50.0,1.56,0.37,0.31
50.0,37.0,1.6,0.37,0.34
9.0,73.0,1.75,0.16,0.06
22.0,59.0,1.82,0.16,0.06
67.0,23.0,1.76,0.3,0.26
71.0,19.0,1.62,0.34,0.3